"SOURCE","DESTINATION","SOURCETYPE"
"identityMap","identityMap","text/x.schema-path"
"id","_id","text/x.schema-path"
"eventType","eventType","text/x.schema-path"
"commerce.commerceScope","commerce.commerceScope","text/x.schema-path"
"commerce.productLineItems[*].quantity","productListItems[*].quantity","text/x.schema-path"
"commerce.productLineItems[*].price","productListItems[*].priceTotal","text/x.schema-path"
"commerce.productLineItems[*].name","productListItems[*].name","text/x.schema-path"
"commerce.productLineItems[*].discountAmount","productListItems[*].discountAmount","text/x.schema-path"
"commerce.productLineItems[*].SKU","productListItems[*].SKU","text/x.schema-path"
"commerce.order","commerce.order","text/x.schema-path"
"timestamp","timestamp","text/x.schema-path"
