"SOURCE","DESTINATION","SOURCETYPE"
"identityMap","identityMap","text/x.schema-path"
"loyalty.joinDate","loyalty.joinDate","text/x.schema-path"
"loyalty.loyaltyID[*]","loyalty.loyaltyID[*]","text/x.schema-path"
"loyalty.email","personalEmail.address","text/x.schema-path"
"loyalty.phone","homePhone.number","text/x.schema-path"
"loyalty.firstName","person.name.firstName","text/x.schema-path"
"loyalty.lastName","person.name.lastName","text/x.schema-path"
"loyalty.fullName","person.name.fullName","text/x.schema-path"
"loyalty.gender","person.gender","text/x.schema-path"
"loyalty.city","homeAddress.city","text/x.schema-path"
"loyalty.state","homeAddress.state","text/x.schema-path"
"loyalty.dob","person.birthDate","text/x.schema-path"
"loyalty.status","loyalty.status","text/x.schema-path"
"loyalty.points","loyalty.points","text/x.schema-path"
"loyalty.lifetimePoints","loyalty.lifetimePoints","text/x.schema-path"
"loyalty.expiredPoints","loyalty.expiredPoints","text/x.schema-path"
"loyalty.returnPoints","loyalty.returnedPoints","text/x.schema-path"
"loyalty.adjustedPoints","loyalty.adjustedPoints","text/x.schema-path"
"loyalty.promisedPoints","loyalty.promisedPoints","text/x.schema-path"
"loyalty.lifetimePurchases","loyalty.lifetimePurchases","text/x.schema-path"
"loyalty.pointsExpiration[*].pointsExpirationDate","loyalty.pointsExpiration[*].pointsExpirationDate","text/x.schema-path"
"loyalty.pointsExpiration[*].pointsExpiring","loyalty.pointsExpiration[*].pointsExpiring","text/x.schema-path"
"loyalty.pointsRedeemed","loyalty.pointsRedeemed","text/x.schema-path"
"loyalty.program","loyalty.program","text/x.schema-path"
"loyalty.tier","loyalty.tier","text/x.schema-path"
"loyalty.upgradeDate","loyalty.upgradeDate","text/x.schema-path"
"loyalty.cardsDetails[*].cardSeries","loyalty.cardsDetails[*].series","text/x.schema-path"
"loyalty.cardsDetails[*].cardNumber","loyalty.cardsDetails[*].number","text/x.schema-path"
"loyalty.cardsDetails[*].cardStatus","loyalty.cardsDetails[*].status","text/x.schema-path"
