{
	"id": "1066fdcd-f0d9-4c95-8049-9cbbaee15a56",
	"name": "SSS Verification Environment Export",
	"values": [
		{
			"key": "aepHost",
			"value": "https://platform.adobe.io",
			"enabled": true
		},
		{
			"key": "x-api-key",
			"value": "",
			"enabled": true
		},
		{
			"key": "x-sandbox-name",
			"value": "prod",
			"enabled": true
		},
		{
			"key": "x-gw-ims-org-id",
			"value": "",
			"enabled": true
		},
		{
			"key": "authorizationToken",
			"value": "",
			"enabled": true
		},
		{
			"key": "host",
			"value": "",
			"enabled": true
		},
		{
			"key": "authSpecName",
			"value": "",
			"enabled": true
		},
		{
			"key": "schemaId",
			"value": "",
			"enabled": true
		},
		{
			"key": "schemaVersion",
			"value": "application/vnd.adobe.xed-full+json;version=1",
			"enabled": true
		},
		{
			"key": "schemaAltId",
			"value": "",
			"enabled": true
		},
		{
			"key": "mappingId",
			"value": "",
			"enabled": true
		},
		{
			"key": "connectionSpecId",
			"value": "e01953af-4af6-4d4c-bd73-5a16f515d15f",
			"enabled": true
		},
		{
			"key": "flowSpecificationId",
			"value": "6499120c-0b15-42dc-936e-847ea3c24d72",
			"enabled": true
		},
		{
			"key": "targetConnectionSpecId",
			"value": "c604ff05-7f1a-43c0-8e18-33bf874cb11c",
			"enabled": true
		},
		{
			"key": "dataSetId",
			"value": "",
			"enabled": true
		},
		{
			"key": "mappings",
			"value": "",
			"enabled": true
		},
		{
			"key": "verifyWaitTimeInSecond",
			"value": "",
			"enabled": true
		},
		{
			"key": "startTime",
			"value": "1632809759",
			"enabled": true
		},
		{
			"key": "interval",
			"value": "15",
			"enabled": true
		}
	],
	"_postman_variable_scope": "environment",
	"_postman_exported_at": "2021-11-10T18:02:00.659Z",
	"_postman_exported_using": "Postman/9.1.3"
}