{
	"info": {
		"_postman_id": "526ebbda-9ea0-402a-9597-d677bd3b64ec",
		"name": "SSS Verification Collection",
		"schema": "https://schema.getpostman.com/json/collection/v2.1.0/collection.json"
	},
	"item": [
		{
			"name": "Get Connection Spec",
			"event": [
				{
					"listen": "test",
					"script": {
						"exec": [
							"var connectionSpec = pm.response.json();",
							"",
							"//authSpec section",
							"var authSpecName = pm.environment.get(\"authSpecName\");",
							"pm.test('authSpecName should be specified.', function () {",
							"    pm.expect(pm.environment.has('authSpecName'));",
							"    pm.expect(pm.environment.get('authSpecName')).not.empty;",
							"});",
							"",
							"console.log(connectionSpec);",
							"var authSpecs = connectionSpec.items[0].authSpec;",
							"var selectedAuthSpec;",
							"authSpecs.some((function(element, index) {",
							"    if (element.name == authSpecName) {",
							"        selectedAuthSpec = element;",
							"    }",
							"}));",
							"",
							"if(selectedAuthSpec.spec.required) {",
							"    for (const key of selectedAuthSpec.spec.required) {",
							"        pm.test('authSpecName parameter : '+ key +' is defined.', function () {",
							"            pm.expect(pm.environment.get(key)).to.be.not.empty;",
							"        });",
							"        if(!pm.environment.get(key)) {",
							"            postman.setNextRequest(null);",
							"        } ",
							"    }",
							"}",
							"",
							"var authSpecBody = {};",
							"for (const [key, value] of Object.entries(selectedAuthSpec.spec.properties)) {",
							"    if(pm.environment.get(key)) {",
							"        authSpecBody[key] = pm.environment.get(key);",
							"    }",
							"}",
							"",
							"console.log(\"authSpecBody: \" + JSON.stringify(authSpecBody))",
							"pm.collectionVariables.set(\"authSpecBody\", JSON.stringify(authSpecBody));",
							"",
							"// sourceSpec section",
							"var sourceSpec = connectionSpec.items[0].sourceSpec;",
							"var sourceSpecBody = {};",
							"// valiate required sourceSpec params",
							"if(sourceSpec.spec.required) {",
							"    for (const key of sourceSpec.spec.required) {",
							"        pm.test('authSpecName parameter : '+ key +' is defined.', function () {",
							"            pm.expect(pm.environment.get(key)).not.empty;",
							"        if(!pm.environment.get(key)) {",
							"            postman.setNextRequest(null);",
							"        } ",
							"    });",
							"}",
							"}",
							"",
							"for (const [key, value] of Object.entries(sourceSpec.spec.properties)) {",
							"    if(pm.environment.get(key)) {",
							"        sourceSpecBody[key] = pm.environment.get(key);",
							"    }",
							"}",
							"",
							"console.log(\"sourceSpecBody : \" + JSON.stringify(sourceSpecBody))",
							"pm.collectionVariables.set(\"sourceSpecBody\", JSON.stringify(sourceSpecBody));",
							"",
							"",
							""
						],
						"type": "text/javascript"
					}
				}
			],
			"request": {
				"auth": {
					"type": "bearer",
					"bearer": [
						{
							"key": "token",
							"value": "{{authorizationToken}}",
							"type": "string"
						}
					]
				},
				"method": "GET",
				"header": [
					{
						"key": "x-api-key",
						"value": "{{x-api-key}}",
						"type": "text"
					},
					{
						"key": "x-gw-ims-org-id",
						"value": "{{x-gw-ims-org-id}}",
						"type": "text"
					},
					{
						"key": "x-sandbox-name",
						"value": "{{x-sandbox-name}}",
						"type": "text"
					}
				],
				"url": {
					"raw": "{{aepHost}}/data/foundation/flowservice/connectionSpecs/{{connectionSpecId}}",
					"host": [
						"{{aepHost}}"
					],
					"path": [
						"data",
						"foundation",
						"flowservice",
						"connectionSpecs",
						"{{connectionSpecId}}"
					]
				}
			},
			"response": []
		},
		{
			"name": "Create Connection",
			"event": [
				{
					"listen": "test",
					"script": {
						"exec": [
							"pm.test(\"Status code is 201\", function () {",
							"    pm.response.to.have.status(201);",
							"});",
							"",
							"if(pm.response.code != 201) {",
							"    postman.setNextRequest(null);",
							"}",
							"",
							"let jsonData = pm.response.json();",
							"pm.environment.set(\"baseConnectionId\", jsonData.id);"
						],
						"type": "text/javascript"
					}
				},
				{
					"listen": "prerequest",
					"script": {
						"exec": [
							"console.log(\"authSpecName : \" + pm.environment.get(\"authSpecName\"))",
							"console.log(\"authParams : \" + pm.collectionVariables.get(\"authSpecBody\"))"
						],
						"type": "text/javascript"
					}
				}
			],
			"request": {
				"auth": {
					"type": "bearer",
					"bearer": [
						{
							"key": "token",
							"value": "{{authorizationToken}}",
							"type": "string"
						}
					]
				},
				"method": "POST",
				"header": [
					{
						"key": "x-api-key",
						"value": "{{x-api-key}}",
						"type": "text"
					},
					{
						"key": "x-sandbox-name",
						"value": "{{x-sandbox-name}}",
						"type": "text"
					},
					{
						"key": "x-gw-ims-org-id",
						"value": "{{x-gw-ims-org-id}}",
						"type": "text"
					}
				],
				"body": {
					"mode": "raw",
					"raw": "{\n    \"name\": \"MailChimp Connector Generic Rest\",\n    \"description\": \"Mail Chimp Rest Connection created with Generic Rest\",\n    \"connectionSpec\": {\n        \"id\": \"{{connectionSpecId}}\",\n        \"version\": \"1.0\"\n    },\n    \"auth\": {\n        \"specName\": \"{{authSpecName}}\",\n        \"params\": {{authSpecBody}}\n    }\n}",
					"options": {
						"raw": {
							"language": "json"
						}
					}
				},
				"url": {
					"raw": "{{aepHost}}/data/foundation/flowservice/connections",
					"host": [
						"{{aepHost}}"
					],
					"path": [
						"data",
						"foundation",
						"flowservice",
						"connections"
					]
				}
			},
			"response": []
		},
		{
			"name": "Create Source Connection ",
			"event": [
				{
					"listen": "test",
					"script": {
						"exec": [
							"pm.test(\"Status code is 201\", function () {",
							"    pm.response.to.have.status(201);",
							"});",
							"",
							"if(pm.response.code != 201) {",
							"    postman.setNextRequest(null);",
							"}",
							"",
							"let jsonData = pm.response.json();",
							"pm.environment.set(\"sourceConnectionId\", jsonData.id);"
						],
						"type": "text/javascript"
					}
				}
			],
			"request": {
				"auth": {
					"type": "bearer",
					"bearer": [
						{
							"key": "token",
							"value": "{{authorizationToken}}",
							"type": "string"
						}
					]
				},
				"method": "POST",
				"header": [
					{
						"key": "x-api-key",
						"value": "{{x-api-key}}",
						"type": "text"
					},
					{
						"key": "x-sandbox-name",
						"value": "{{x-sandbox-name}}",
						"type": "text"
					},
					{
						"key": "x-gw-ims-org-id",
						"value": "{{x-gw-ims-org-id}}",
						"type": "text"
					}
				],
				"body": {
					"mode": "raw",
					"raw": "{\n    \"name\": \"MailChimp Source Connection Generic Rest\",\n    \"description\": \"MailChimp Source Connection Generic Rest\",\n    \"baseConnectionId\": \"{{baseConnectionId}}\",\n    \"connectionSpec\": {\n        \"id\": \"{{connectionSpecId}}\",\n        \"version\": \"1.0\"\n    },\n    \"data\": {\n        \"format\": \"json\"\n    },\n    \"params\": {{sourceSpecBody}}\n}",
					"options": {
						"raw": {
							"language": "json"
						}
					}
				},
				"url": {
					"raw": "{{aepHost}}/data/foundation/flowservice/sourceConnections",
					"host": [
						"{{aepHost}}"
					],
					"path": [
						"data",
						"foundation",
						"flowservice",
						"sourceConnections"
					]
				}
			},
			"response": []
		},
		{
			"name": "Create Target Connection",
			"event": [
				{
					"listen": "test",
					"script": {
						"exec": [
							"if(pm.response.code != 201) {",
							"    postman.setNextRequest(null);",
							"}",
							"",
							"pm.test(\"Status code is 201\", function () {",
							"    pm.response.to.have.status(201);",
							"});",
							"",
							"let jsonData = pm.response.json();",
							"pm.environment.set(\"targetConnectionId\", jsonData.id);"
						],
						"type": "text/javascript"
					}
				}
			],
			"request": {
				"auth": {
					"type": "bearer",
					"bearer": [
						{
							"key": "token",
							"value": "{{authorizationToken}}",
							"type": "string"
						}
					]
				},
				"method": "POST",
				"header": [
					{
						"key": "x-api-key",
						"value": "{{x-api-key}}",
						"type": "text"
					},
					{
						"key": "x-sandbox-name",
						"value": "{{x-sandbox-name}}",
						"type": "text"
					},
					{
						"key": "x-gw-ims-org-id",
						"value": "{{x-gw-ims-org-id}}",
						"type": "text"
					}
				],
				"body": {
					"mode": "raw",
					"raw": "{\n    \"name\": \"MailChimp Target Connection Generic Rest\",\n    \"description\": \"MailChimp Target Connection Generic Rest\",\n    \"connectionSpec\": {\n        \"id\": \"{{targetConnectionSpecId}}\",\n        \"version\": \"1.0\"\n    },\n    \"data\": {\n        \"format\": \"parquet_xdm\",\n        \"schema\": {\n            \"id\": \"{{schemaId}}\",\n            \"version\": \"{{schemaVersion}}\"\n        }\n    },\n    \"params\": {\n        \"dataSetId\": \"{{dataSetId}}\"\n    }\n}",
					"options": {
						"raw": {
							"language": "json"
						}
					}
				},
				"url": {
					"raw": "{{aepHost}}/data/foundation/flowservice/targetConnections",
					"host": [
						"{{aepHost}}"
					],
					"path": [
						"data",
						"foundation",
						"flowservice",
						"targetConnections"
					]
				}
			},
			"response": []
		},
		{
			"name": "Create Mapping Set",
			"event": [
				{
					"listen": "test",
					"script": {
						"exec": [
							"if(pm.response.code != 200) {",
							"    postman.setNextRequest(null);",
							"}",
							"",
							"pm.test(\"Status code is 200\", function () {",
							"    pm.response.to.have.status(200);",
							"});",
							"",
							"var responseJson = pm.response.json();",
							"pm.environment.set(\"mappingSetId\", responseJson.id); "
						],
						"type": "text/javascript"
					}
				}
			],
			"protocolProfileBehavior": {
				"disabledSystemHeaders": {
					"user-agent": true
				}
			},
			"request": {
				"auth": {
					"type": "bearer",
					"bearer": [
						{
							"key": "token",
							"value": "{{authorizationToken}}",
							"type": "string"
						}
					]
				},
				"method": "POST",
				"header": [
					{
						"key": "x-api-key",
						"value": "{{x-api-key}}",
						"type": "text"
					},
					{
						"key": "x-gw-ims-org-id",
						"value": "{{x-gw-ims-org-id}}",
						"type": "text"
					},
					{
						"key": "x-sandbox-name",
						"value": "{{x-sandbox-name}}",
						"type": "text"
					}
				],
				"body": {
					"mode": "raw",
					"raw": "{\n    \"version\": 0,\n    \"xdmSchema\": \"{{schemaAltId}}\",\n    \"xdmVersion\": \"1.0\",\n    \"mappings\": {{mappings}}\n}",
					"options": {
						"raw": {
							"language": "json"
						}
					}
				},
				"url": {
					"raw": "{{aepHost}}/data/foundation/conversion/mappingSets",
					"host": [
						"{{aepHost}}"
					],
					"path": [
						"data",
						"foundation",
						"conversion",
						"mappingSets"
					]
				}
			},
			"response": []
		},
		{
			"name": "Create Flow",
			"event": [
				{
					"listen": "test",
					"script": {
						"exec": [
							"if(pm.response.code != 201) {",
							"    postman.setNextRequest(null);",
							"}",
							"",
							"pm.test(\"Status code is 200\", function () {",
							"    pm.response.to.have.status(201);",
							"});",
							"",
							"let jsonData = pm.response.json();",
							"pm.environment.set(\"flowId\", jsonData.id);"
						],
						"type": "text/javascript"
					}
				}
			],
			"request": {
				"auth": {
					"type": "bearer",
					"bearer": [
						{
							"key": "token",
							"value": "{{authorizationToken}}",
							"type": "string"
						}
					]
				},
				"method": "POST",
				"header": [
					{
						"key": "x-api-key",
						"value": "{{x-api-key}}",
						"type": "text"
					},
					{
						"key": "x-sandbox-name",
						"value": "{{x-sandbox-name}}",
						"type": "text"
					},
					{
						"key": "x-gw-ims-org-id",
						"value": "{{x-gw-ims-org-id}}",
						"type": "text"
					}
				],
				"body": {
					"mode": "raw",
					"raw": "{\n    \"name\": \"Mailchimp Connector Flow Generic Rest\",\n    \"description\": \"Mailchimp Connector Description Flow Generic Rest\",\n    \"flowSpec\": {\n        \"id\": \"{{flowSpecificationId}}\",\n        \"version\": \"1.0\"\n    },\n    \"sourceConnectionIds\": [\n        \"{{sourceConnectionId}}\"\n    ],\n    \"targetConnectionIds\": [\n        \"{{targetConnectionId}}\"\n    ],\n    \"transformations\": [\n        {\n            \"name\": \"Mapping\",\n            \"params\": {\n                \"mappingId\": \"{{mappingSetId}}\",\n                \"mappingVersion\": 0\n            }\n        }\n    ],\n    \"scheduleParams\": {\n        \"startTime\": \"{{startTime}}\",\n        \"frequency\": \"minute\",\n        \"interval\": {{interval}}\n    }\n}",
					"options": {
						"raw": {
							"language": "json"
						}
					}
				},
				"url": {
					"raw": "{{aepHost}}/data/foundation/flowservice/flows",
					"host": [
						"{{aepHost}}"
					],
					"path": [
						"data",
						"foundation",
						"flowservice",
						"flows"
					]
				}
			},
			"response": []
		},
		{
			"name": "Verify Flowrun",
			"event": [
				{
					"listen": "test",
					"script": {
						"exec": [
							"let flowRun = pm.response.json();",
							"console.log(\"FlowRun response length : \" + flowRun.items.length);",
							"",
							"if(flowRun.items.length == 0) {",
							"    console.log(\"Waiting \" + pm.environment.get(\"verifyWaitTimeInSecond\") + \" sec to verify again.\");",
							"    setTimeout(function(){}, pm.environment.get(\"verifyWaitTimeInSecond\") * 1000);",
							"    postman.setNextRequest(\"Verify Flowrun\");",
							"} else {",
							"    console.log(\"ConnectionSpec work fine.\");",
							"    flowRun.items.forEach(run => {",
							"        let flowRunDetails = {",
							"            \"runId\": run.id,",
							"            \"startTime\": run.metrics.durationSummary.startedAtUTC,",
							"            \"endTime\": run.metrics.durationSummary.completedAtUTC,",
							"            \"inputRecords\": run.metrics.recordSummary.inputRecordCount,",
							"            \"outputRecords\": run.metrics.recordSummary.outputRecordCount,",
							"            \"failedRecords\": run.metrics.recordSummary.failedRecordCount,",
							"        };",
							"        console.log(\"FlowRun Details :\") ",
							"        console.log(JSON.stringify(flowRunDetails)) ",
							"    });",
							"}",
							"",
							""
						],
						"type": "text/javascript"
					}
				},
				{
					"listen": "prerequest",
					"script": {
						"exec": [
							"console.log(\"Running in loop.\")"
						],
						"type": "text/javascript"
					}
				}
			],
			"request": {
				"auth": {
					"type": "bearer",
					"bearer": [
						{
							"key": "token",
							"value": "{{authorizationToken}}",
							"type": "string"
						}
					]
				},
				"method": "GET",
				"header": [
					{
						"key": "x-api-key",
						"value": "{{x-api-key}}",
						"type": "text"
					},
					{
						"key": "x-gw-ims-org-id",
						"value": "{{x-gw-ims-org-id}}",
						"type": "text"
					},
					{
						"key": "x-sandbox-name",
						"value": "{{x-sandbox-name}}",
						"type": "text"
					}
				],
				"url": {
					"raw": "{{aepHost}}/data/foundation/flowservice/runs?property=flowId=={{flowId}}",
					"host": [
						"{{aepHost}}"
					],
					"path": [
						"data",
						"foundation",
						"flowservice",
						"runs"
					],
					"query": [
						{
							"key": "property",
							"value": "flowId=={{flowId}}"
						}
					]
				}
			},
			"response": []
		},
		{
			"name": "Delete Flow",
			"event": [
				{
					"listen": "test",
					"script": {
						"exec": [
							"pm.test(\"Status code is 204\", function () {",
							"    pm.response.to.have.status(204);",
							"});"
						],
						"type": "text/javascript"
					}
				}
			],
			"request": {
				"auth": {
					"type": "bearer",
					"bearer": [
						{
							"key": "token",
							"value": "{{authorizationToken}}",
							"type": "string"
						}
					]
				},
				"method": "DELETE",
				"header": [
					{
						"key": "x-api-key",
						"value": "{{x-api-key}}",
						"type": "text"
					},
					{
						"key": "x-sandbox-name",
						"value": "{{x-sandbox-name}}",
						"type": "text"
					},
					{
						"key": "x-gw-ims-org-id",
						"value": "{{x-gw-ims-org-id}}",
						"type": "text"
					}
				],
				"url": {
					"raw": "{{aepHost}}/data/foundation/flowservice/flows/{{flowId}}",
					"host": [
						"{{aepHost}}"
					],
					"path": [
						"data",
						"foundation",
						"flowservice",
						"flows",
						"{{flowId}}"
					]
				}
			},
			"response": []
		}
	],
	"variable": [
		{
			"key": "authSpecBody",
			"value": ""
		},
		{
			"key": "sourceSpecBody",
			"value": ""
		}
	]
}