{
	"id": "3b9d2cc4-7186-4563-99b4-1a6a2838eb13",
	"name": "AzureDestination",
	"values": [
		{
			"key": "access-token",
			"value": "",
			"enabled": true
		},
		{
			"key": "x-api-key",
			"value": "",
			"enabled": true
		},
		{
			"key": "x-gw-ims-org-id",
			"value": "",
			"enabled": true
		},
		{
			"key": "x-sandbox-name",
			"value": "",
			"enabled": true
		},
		{
			"key": "sasKey",
			"value": "",
			"enabled": true
		},
		{
			"key": "sasKeyName",
			"value": "RootManageSharedAccessKey",
			"enabled": true
		},
		{
			"key": "namespace",
			"value": "",
			"enabled": true
		},
		{
			"key": "event-hub-name",
			"value": "",
			"enabled": true
		},
		{
			"key": "segment-id",
			"value": "",
			"enabled": true
		},
		{
			"key": "segment-name",
			"value": "",
			"enabled": true
		},
		{
			"key": "segment-description",
			"value": "",
			"enabled": true
		},
		{
			"key": "profile-path",
			"value": "",
			"enabled": true
		}
	],
	"_postman_variable_scope": "environment",
	"_postman_exported_at": "2020-11-13T10:31:54.446Z",
	"_postman_exported_using": "Postman/7.34.0"
}