{
	"info": {
		"_postman_id": "098494f7-e15b-442a-a807-563865710e77",
		"name": "CREATE_AZURE_DESTINATION",
		"schema": "https://schema.getpostman.com/json/collection/v2.1.0/collection.json"
	},
	"item": [
		{
			"name": "CREATE-AZURE-DESTINATION",
			"item": [
				{
					"name": "SourceBaseConnection",
					"event": [
						{
							"listen": "test",
							"script": {
								"id": "22611b52-4184-40fd-b219-4b0434ba5b05",
								"exec": [
									"pm.test(\"Status code is 200\", function () {",
									"    pm.response.to.have.status(200);",
									"});",
									"",
									"var responseJson = pm.response.json();",
									"pm.environment.set(\"source-base-connection-id\", responseJson.id); "
								],
								"type": "text/javascript"
							}
						}
					],
					"request": {
						"auth": {
							"type": "bearer",
							"bearer": [
								{
									"key": "token",
									"value": "{{access-token}}",
									"type": "string"
								}
							]
						},
						"method": "POST",
						"header": [
							{
								"key": "x-api-key",
								"type": "text",
								"value": "{{x-api-key}}"
							},
							{
								"key": "x-gw-ims-org-id",
								"type": "text",
								"value": "{{x-gw-ims-org-id}}"
							},
							{
								"key": "x-sandbox-name",
								"type": "text",
								"value": "{{x-sandbox-name}}"
							}
						],
						"body": {
							"mode": "raw",
							"raw": "{\n    \"name\": \"Base connection to Experience Platform\",\n    \"description\": \"This call establishes the connection to Experience Platform data\",\n    \"connectionSpec\": {\n        \"id\": \"8a9c3494-9708-43d7-ae3f-cda01e5030e1\",\n        \"version\": \"1.0\"\n    }\n}",
							"options": {
								"raw": {
									"language": "json"
								}
							}
						},
						"url": {
							"raw": "https://platform.adobe.io/data/foundation/flowservice/connections",
							"protocol": "https",
							"host": [
								"platform",
								"adobe",
								"io"
							],
							"path": [
								"data",
								"foundation",
								"flowservice",
								"connections"
							]
						}
					},
					"response": []
				},
				{
					"name": "SourceConnection",
					"event": [
						{
							"listen": "test",
							"script": {
								"id": "e7870c6f-e720-4674-aaf7-bf43d0b4edbb",
								"exec": [
									"pm.test(\"Status code is 200\", function () {",
									"    pm.response.to.have.status(200);",
									"});",
									"",
									"var responseJson = pm.response.json();",
									"pm.environment.set(\"source-connection-id\", responseJson.id);"
								],
								"type": "text/javascript"
							}
						}
					],
					"request": {
						"auth": {
							"type": "bearer",
							"bearer": [
								{
									"key": "token",
									"value": "{{access-token}}",
									"type": "string"
								}
							]
						},
						"method": "POST",
						"header": [
							{
								"key": "x-api-key",
								"value": "{{x-api-key}}",
								"type": "text"
							},
							{
								"key": "x-gw-ims-org-id",
								"value": "{{x-gw-ims-org-id}}",
								"type": "text"
							},
							{
								"key": "x-sandbox-name",
								"value": "{{x-sandbox-name}}",
								"type": "text"
							}
						],
						"body": {
							"mode": "raw",
							"raw": "{\n    \"name\": \"Connecting to Unified Profile Service\",\n    \"description\": \"Optional\",\n    \"connectionSpec\": {\n        \"id\": \"8a9c3494-9708-43d7-ae3f-cda01e5030e1\",\n        \"version\": \"1.0\"\n    },\n    \"baseConnectionId\": \"{{source-base-connection-id}}\",\n    \"data\": {\n        \"format\": \"json\"\n    },\n    \"params\": {}\n}",
							"options": {
								"raw": {
									"language": "json"
								}
							}
						},
						"url": {
							"raw": "https://platform.adobe.io/data/foundation/flowservice/sourceConnections",
							"protocol": "https",
							"host": [
								"platform",
								"adobe",
								"io"
							],
							"path": [
								"data",
								"foundation",
								"flowservice",
								"sourceConnections"
							]
						},
						"description": "https://platform.adobe.io/data/foundation/flowservice/sourceConnections"
					},
					"response": []
				},
				{
					"name": "TargetBaseConnection",
					"event": [
						{
							"listen": "test",
							"script": {
								"id": "7c0da8b2-f6a7-42ad-a3d9-c82584940471",
								"exec": [
									"pm.test(\"Status code is 200\", function () {",
									"    pm.response.to.have.status(200);",
									"});",
									"",
									"var responseJson = pm.response.json();",
									"pm.environment.set(\"target-base-connection-id\", responseJson.id); "
								],
								"type": "text/javascript"
							}
						}
					],
					"protocolProfileBehavior": {
						"disabledSystemHeaders": {
							"user-agent": true
						}
					},
					"request": {
						"auth": {
							"type": "bearer",
							"bearer": [
								{
									"key": "token",
									"value": "{{access-token}}",
									"type": "string"
								}
							]
						},
						"method": "POST",
						"header": [
							{
								"key": "x-api-key",
								"value": "{{x-api-key}}",
								"type": "text"
							},
							{
								"key": "x-gw-ims-org-id",
								"value": "{{x-gw-ims-org-id}}",
								"type": "text"
							},
							{
								"key": "x-sandbox-name",
								"value": "{{x-sandbox-name}}",
								"type": "text"
							}
						],
						"body": {
							"mode": "raw",
							"raw": "{\n    \"name\": \"Connection for Azure Event Hubs\",\n    \"description\": \"summer advertising campaign\",\n    \"connectionSpec\": {\n        \"id\": \"bf9f5905-92b7-48bf-bf20-455bc6b60a4e\",\n        \"version\": \"1.0\"\n    },\n    \"auth\": {\n        \"specName\": \"Azure EventHub authentication credentials\",\n        \"params\": {\n            \"sasKeyName\": \"{{sasKeyName}}\",\n            \"sasKey\": \"{{sasKey}}\",\n            \"namespace\": \"{{namespace}}\"\n        }\n    }\n}",
							"options": {
								"raw": {
									"language": "json"
								}
							}
						},
						"url": {
							"raw": "https://platform.adobe.io/data/foundation/flowservice/connections",
							"protocol": "https",
							"host": [
								"platform",
								"adobe",
								"io"
							],
							"path": [
								"data",
								"foundation",
								"flowservice",
								"connections"
							]
						},
						"description": "https://platform.adobe.io/data/foundation/flowservice/connections"
					},
					"response": []
				},
				{
					"name": "TargetConnection",
					"event": [
						{
							"listen": "test",
							"script": {
								"id": "96df1a55-0932-404f-ba0e-5d79092dcf24",
								"exec": [
									"pm.test(\"Status code is 200\", function () {",
									"    pm.response.to.have.status(200);",
									"});",
									"",
									"var responseJson = pm.response.json();",
									"pm.environment.set(\"target-connection-id\", responseJson.id); "
								],
								"type": "text/javascript"
							}
						}
					],
					"protocolProfileBehavior": {
						"disabledSystemHeaders": {
							"user-agent": true
						}
					},
					"request": {
						"auth": {
							"type": "bearer",
							"bearer": [
								{
									"key": "token",
									"value": "{{access-token}}",
									"type": "string"
								}
							]
						},
						"method": "POST",
						"header": [
							{
								"key": "x-api-key",
								"value": "{{x-api-key}}",
								"type": "text"
							},
							{
								"key": "x-gw-ims-org-id",
								"value": "{{x-gw-ims-org-id}}",
								"type": "text"
							},
							{
								"key": "x-sandbox-name",
								"value": "{{x-sandbox-name}}",
								"type": "text"
							}
						],
						"body": {
							"mode": "raw",
							"raw": "{\n    \"name\": \"Azure Event Hubs target connection\",\n    \"description\": \"Azure Event Hubs\",\n    \"baseConnectionId\": \"{{target-base-connection-id}}\",\n    \"connectionSpec\": {\n        \"id\": \"bf9f5905-92b7-48bf-bf20-455bc6b60a4e\",\n        \"version\": \"1.0\"\n    },\n    \"data\": {\n        \"format\": \"json\"\n    },\n    \"params\": {\n        \"eventHubName\": \"{{event-hub-name}}\"\n    }\n}",
							"options": {
								"raw": {
									"language": "json"
								}
							}
						},
						"url": {
							"raw": "https://platform.adobe.io/data/foundation/flowservice/targetConnections",
							"protocol": "https",
							"host": [
								"platform",
								"adobe",
								"io"
							],
							"path": [
								"data",
								"foundation",
								"flowservice",
								"targetConnections"
							]
						},
						"description": "https://platform.adobe.io/data/foundation/flowservice/targetConnections"
					},
					"response": []
				},
				{
					"name": "CreateFlow",
					"event": [
						{
							"listen": "test",
							"script": {
								"id": "40095d65-dd5f-4a2e-874d-adb25692fd75",
								"exec": [
									"pm.test(\"Status code is 200\", function () {",
									"    pm.response.to.have.status(200);",
									"});",
									"",
									"var responseJson = pm.response.json();",
									"pm.environment.set(\"flow-id\", responseJson.id); ",
									"pm.environment.set(\"flow-etag\", responseJson.etag)"
								],
								"type": "text/javascript"
							}
						}
					],
					"protocolProfileBehavior": {
						"disabledSystemHeaders": {
							"user-agent": true
						}
					},
					"request": {
						"auth": {
							"type": "bearer",
							"bearer": [
								{
									"key": "token",
									"value": "{{access-token}}",
									"type": "string"
								}
							]
						},
						"method": "POST",
						"header": [
							{
								"key": "x-api-key",
								"value": "{{x-api-key}}",
								"type": "text"
							},
							{
								"key": "x-gw-ims-org-id",
								"value": "{{x-gw-ims-org-id}}",
								"type": "text"
							},
							{
								"key": "x-sandbox-name",
								"value": "{{x-sandbox-name}}",
								"type": "text"
							}
						],
						"body": {
							"mode": "raw",
							"raw": "{\n    \"name\": \"Azure Event Hubs\",\n    \"description\": \"Azure Event Hubs\",\n    \"flowSpec\": {\n        \"id\": \"71471eba-b620-49e4-90fd-23f1fa0174d8\",\n        \"version\": \"1.0\"\n    },\n    \"sourceConnectionIds\": [\n        \"{{source-connection-id}}\"\n    ],\n    \"targetConnectionIds\": [\n        \"{{target-connection-id}}\"\n    ],\n    \"transformations\": [\n        {\n            \"name\": \"GeneralTransform\",\n            \"params\": {\n                \"profileSelectors\": {\n                    \"selectors\": []\n                },\n                \"segmentSelectors\": {\n                    \"selectors\": []\n                }\n            }\n        }\n    ]\n}",
							"options": {
								"raw": {
									"language": "json"
								}
							}
						},
						"url": {
							"raw": "https://platform.adobe.io/data/foundation/flowservice/flows",
							"protocol": "https",
							"host": [
								"platform",
								"adobe",
								"io"
							],
							"path": [
								"data",
								"foundation",
								"flowservice",
								"flows"
							]
						},
						"description": "https://platform.adobe.io/data/foundation/flowservice/flows"
					},
					"response": []
				},
				{
					"name": "PatchFlow",
					"event": [
						{
							"listen": "test",
							"script": {
								"id": "93004695-053b-42cc-859e-609fa6f0c81d",
								"exec": [
									""
								],
								"type": "text/javascript"
							}
						}
					],
					"protocolProfileBehavior": {
						"disabledSystemHeaders": {
							"user-agent": true
						}
					},
					"request": {
						"auth": {
							"type": "bearer",
							"bearer": [
								{
									"key": "token",
									"value": "{{access-token}}",
									"type": "string"
								}
							]
						},
						"method": "PATCH",
						"header": [
							{
								"key": "x-api-key",
								"value": "{{x-api-key}}",
								"type": "text"
							},
							{
								"key": "x-gw-ims-org-id",
								"value": "{{x-gw-ims-org-id}}",
								"type": "text"
							},
							{
								"key": "x-sandbox-name",
								"value": "{{x-sandbox-name}}",
								"type": "text"
							},
							{
								"key": "If-Match",
								"value": "{{flow-etag}}",
								"type": "text"
							}
						],
						"body": {
							"mode": "raw",
							"raw": "[\n    {\n        \"op\": \"add\",\n        \"path\": \"/transformations/0/params/segmentSelectors/selectors/-\",\n        \"value\": {\n            \"type\": \"PLATFORM_SEGMENT\",\n            \"value\": {\n                \"name\": \"{{segment-name}}\",\n                \"description\": \"{{segment-description}}\",\n                \"id\": \"{{segment-id}}\"\n            }\n        }\n    },\n    {\n        \"op\": \"add\",\n        \"path\": \"/transformations/0/params/profileSelectors/selectors/-\",\n        \"value\": {\n            \"type\": \"JSON_PATH\",\n            \"value\": {\n                \"operator\": \"EXISTS\",\n                \"path\": \"{{profile-path}}\"\n            }\n        }\n    }\n]",
							"options": {
								"raw": {
									"language": "json"
								}
							}
						},
						"url": {
							"raw": "https://platform.adobe.io/data/foundation/flowservice/flows/:flowId",
							"protocol": "https",
							"host": [
								"platform",
								"adobe",
								"io"
							],
							"path": [
								"data",
								"foundation",
								"flowservice",
								"flows",
								":flowId"
							],
							"variable": [
								{
									"key": "flowId",
									"value": "{{flow-id}}",
									"description": "Flow id from flow creation step"
								}
							]
						},
						"description": "https://platform.adobe.io/data/foundation/flowservice/flows/eb2d4847-43a7-4d5e-ad48-4743a7ad5e3c"
					},
					"response": []
				}
			],
			"event": [
				{
					"listen": "prerequest",
					"script": {
						"id": "aa9a7c87-5f9b-413d-8215-e81b9e8aa9c1",
						"type": "text/javascript",
						"exec": [
							""
						]
					}
				},
				{
					"listen": "test",
					"script": {
						"id": "5e0ea4b8-cfaa-4078-b04f-79edf07f927a",
						"type": "text/javascript",
						"exec": [
							""
						]
					}
				}
			],
			"protocolProfileBehavior": {}
		}
	],
	"protocolProfileBehavior": {}
}
