{
	"info": {
		"_postman_id": "e3cfe9c5-7738-4a1b-a2da-6e0f1dd589b9",
		"name": "CREATE_KINESIS_DESTINATION",
		"schema": "https://schema.getpostman.com/json/collection/v2.1.0/collection.json"
	},
	"item": [
		{
			"name": "CREATE-KINESIS-DESTINATION",
			"item": [
				{
					"name": "SourceBaseConnection",
					"event": [
						{
							"listen": "test",
							"script": {
								"id": "286d2c5b-02a5-4b86-9d5a-706f62d8aef3",
								"exec": [
									"pm.test(\"Status code is 200\", function () {",
									"    pm.response.to.have.status(200);",
									"});",
									"",
									"var responseJson = pm.response.json();",
									"pm.environment.set(\"source-base-connection-id\", responseJson.id); "
								],
								"type": "text/javascript"
							}
						}
					],
					"request": {
						"auth": {
							"type": "bearer",
							"bearer": [
								{
									"key": "token",
									"value": "{{access-token}}",
									"type": "string"
								}
							]
						},
						"method": "POST",
						"header": [
							{
								"key": "x-api-key",
								"type": "text",
								"value": "{{x-api-key}}"
							},
							{
								"key": "x-gw-ims-org-id",
								"type": "text",
								"value": "{{x-gw-ims-org-id}}"
							},
							{
								"key": "x-sandbox-name",
								"type": "text",
								"value": "{{x-sandbox-name}}"
							}
						],
						"body": {
							"mode": "raw",
							"raw": "{\n    \"name\": \"Base connection to Experience Platform\",\n    \"description\": \"This call establishes the connection to Experience Platform data\",\n    \"connectionSpec\": {\n        \"id\": \"8a9c3494-9708-43d7-ae3f-cda01e5030e1\",\n        \"version\": \"1.0\"\n    }\n}",
							"options": {
								"raw": {
									"language": "json"
								}
							}
						},
						"url": {
							"raw": "https://platform.adobe.io/data/foundation/flowservice/connections",
							"protocol": "https",
							"host": [
								"platform",
								"adobe",
								"io"
							],
							"path": [
								"data",
								"foundation",
								"flowservice",
								"connections"
							]
						},
						"description": "Create Source Base connection"
					},
					"response": []
				},
				{
					"name": "SourceConnection",
					"event": [
						{
							"listen": "test",
							"script": {
								"id": "734a2efb-0add-4b4f-bdfb-af4a25052c19",
								"exec": [
									"pm.test(\"Status code is 200\", function () {",
									"    pm.response.to.have.status(200);",
									"});",
									"",
									"var responseJson = pm.response.json();",
									"pm.environment.set(\"source-connection-id\", responseJson.id);"
								],
								"type": "text/javascript"
							}
						}
					],
					"request": {
						"auth": {
							"type": "bearer",
							"bearer": [
								{
									"key": "token",
									"value": "{{access-token}}",
									"type": "string"
								}
							]
						},
						"method": "POST",
						"header": [
							{
								"key": "x-api-key",
								"value": "{{x-api-key}}",
								"type": "text"
							},
							{
								"key": "x-gw-ims-org-id",
								"value": "{{x-gw-ims-org-id}}",
								"type": "text"
							},
							{
								"key": "x-sandbox-name",
								"value": "{{x-sandbox-name}}",
								"type": "text"
							}
						],
						"body": {
							"mode": "raw",
							"raw": "{\n    \"name\": \"Connecting to Unified Profile Service\",\n    \"description\": \"Optional\",\n    \"connectionSpec\": {\n        \"id\": \"8a9c3494-9708-43d7-ae3f-cda01e5030e1\",\n        \"version\": \"1.0\"\n    },\n    \"baseConnectionId\": \"{{source-base-connection-id}}\",\n    \"data\": {\n        \"format\": \"json\"\n    },\n    \"params\": {}\n}",
							"options": {
								"raw": {
									"language": "json"
								}
							}
						},
						"url": {
							"raw": "https://platform.adobe.io/data/foundation/flowservice/sourceConnections",
							"protocol": "https",
							"host": [
								"platform",
								"adobe",
								"io"
							],
							"path": [
								"data",
								"foundation",
								"flowservice",
								"sourceConnections"
							]
						},
						"description": "https://platform.adobe.io/data/foundation/flowservice/sourceConnections"
					},
					"response": []
				},
				{
					"name": "TargetBaseConnection",
					"event": [
						{
							"listen": "test",
							"script": {
								"id": "0f086353-9b6b-44eb-ac0f-90273991c4d0",
								"exec": [
									"pm.test(\"Status code is 200\", function () {",
									"    pm.response.to.have.status(200);",
									"});",
									"",
									"var responseJson = pm.response.json();",
									"pm.environment.set(\"target-base-connection-id\", responseJson.id);"
								],
								"type": "text/javascript"
							}
						}
					],
					"protocolProfileBehavior": {
						"disabledSystemHeaders": {
							"user-agent": true
						}
					},
					"request": {
						"auth": {
							"type": "bearer",
							"bearer": [
								{
									"key": "token",
									"value": "{{access-token}}",
									"type": "string"
								}
							]
						},
						"method": "POST",
						"header": [
							{
								"key": "x-api-key",
								"value": "{{x-api-key}}",
								"type": "text"
							},
							{
								"key": "x-gw-ims-org-id",
								"value": "{{x-gw-ims-org-id}}",
								"type": "text"
							},
							{
								"key": "x-sandbox-name",
								"value": "{{x-sandbox-name}}",
								"type": "text"
							}
						],
						"body": {
							"mode": "raw",
							"raw": "{\n    \"name\": \"Connection to Amazon Kinesis\",\n    \"description\": \"summer advertising campaign\",\n    \"connectionSpec\": {\n        \"id\": \"86043421-563b-46ec-8e6c-e23184711bf6\",\n        \"version\": \"1.0\"\n    },\n    \"auth\": {\n        \"specName\": \"Aws Kinesis authentication credentials\",\n        \"params\": {\n            \"accessKeyId\": \"{{access-key-id}}\",\n            \"secretKey\": \"{{secret-key}}\",\n            \"region\": \"{{region}}\"\n        }\n    }\n}",
							"options": {
								"raw": {
									"language": "json"
								}
							}
						},
						"url": {
							"raw": "https://platform.adobe.io/data/foundation/flowservice/connections",
							"protocol": "https",
							"host": [
								"platform",
								"adobe",
								"io"
							],
							"path": [
								"data",
								"foundation",
								"flowservice",
								"connections"
							]
						},
						"description": "https://platform.adobe.io/data/foundation/flowservice/connections"
					},
					"response": []
				},
				{
					"name": "TargetConnection",
					"event": [
						{
							"listen": "test",
							"script": {
								"id": "815a23b7-5158-4c89-9ba4-2a100b747a3e",
								"exec": [
									"pm.test(\"Status code is 200\", function () {",
									"    pm.response.to.have.status(200);",
									"});",
									"",
									"var responseJson = pm.response.json();",
									"pm.environment.set(\"target-connection-id\", responseJson.id);"
								],
								"type": "text/javascript"
							}
						}
					],
					"protocolProfileBehavior": {
						"disabledSystemHeaders": {
							"user-agent": true
						}
					},
					"request": {
						"auth": {
							"type": "bearer",
							"bearer": [
								{
									"key": "token",
									"value": "{{access-token}}",
									"type": "string"
								}
							]
						},
						"method": "POST",
						"header": [
							{
								"key": "x-api-key",
								"value": "{{x-api-key}}",
								"type": "text"
							},
							{
								"key": "x-gw-ims-org-id",
								"value": "{{x-gw-ims-org-id}}",
								"type": "text"
							},
							{
								"key": "x-sandbox-name",
								"value": "{{x-sandbox-name}}",
								"type": "text"
							}
						],
						"body": {
							"mode": "raw",
							"raw": "{\n    \"name\": \"Amazon Kinesis target connection\",\n    \"description\": \"Connection to Amazon Kinesis\",\n    \"baseConnectionId\": \"{{target-base-connection-id}}\",\n    \"connectionSpec\": {\n        \"id\": \"86043421-563b-46ec-8e6c-e23184711bf6\",\n        \"version\": \"1.0\"\n    },\n    \"data\": {\n        \"format\": \"json\"\n    },\n    \"params\": {\n        \"stream\": \"{{stream}}\"\n    }\n}",
							"options": {
								"raw": {
									"language": "json"
								}
							}
						},
						"url": {
							"raw": "https://platform.adobe.io/data/foundation/flowservice/targetConnections",
							"protocol": "https",
							"host": [
								"platform",
								"adobe",
								"io"
							],
							"path": [
								"data",
								"foundation",
								"flowservice",
								"targetConnections"
							]
						},
						"description": "https://platform.adobe.io/data/foundation/flowservice/targetConnections"
					},
					"response": []
				},
				{
					"name": "CreateFlow",
					"event": [
						{
							"listen": "test",
							"script": {
								"id": "058fb6de-80b7-40c5-bc8e-a09124b4811c",
								"exec": [
									"pm.test(\"Status code is 200\", function () {",
									"    pm.response.to.have.status(200);",
									"});",
									"",
									"var responseJson = pm.response.json();",
									"pm.environment.set(\"flow-id\", responseJson.id); ",
									"pm.environment.set(\"flow-etag\", responseJson.etag)"
								],
								"type": "text/javascript"
							}
						}
					],
					"protocolProfileBehavior": {
						"disabledSystemHeaders": {
							"user-agent": true
						}
					},
					"request": {
						"auth": {
							"type": "bearer",
							"bearer": [
								{
									"key": "token",
									"value": "{{access-token}}",
									"type": "string"
								}
							]
						},
						"method": "POST",
						"header": [
							{
								"key": "x-api-key",
								"value": "{{x-api-key}}",
								"type": "text"
							},
							{
								"key": "x-gw-ims-org-id",
								"value": "{{x-gw-ims-org-id}}",
								"type": "text"
							},
							{
								"key": "x-sandbox-name",
								"value": "{{x-sandbox-name}}",
								"type": "text"
							}
						],
						"body": {
							"mode": "raw",
							"raw": "{\n    \"name\": \"Amazon Kinesis\",\n    \"description\": \"Amazon Kinesis\",\n    \"flowSpec\": {\n        \"id\": \"71471eba-b620-49e4-90fd-23f1fa0174d8\",\n        \"version\": \"1.0\"\n    },\n    \"sourceConnectionIds\": [\n        \"{{source-connection-id}}\"\n    ],\n    \"targetConnectionIds\": [\n        \"{{target-connection-id}}\"\n    ],\n    \"transformations\": [\n        {\n            \"name\": \"GeneralTransform\",\n            \"params\": {\n                \"profileSelectors\": {\n                    \"selectors\": []\n                },\n                \"segmentSelectors\": {\n                    \"selectors\": []\n                }\n            }\n        }\n    ]\n}",
							"options": {
								"raw": {
									"language": "json"
								}
							}
						},
						"url": {
							"raw": "https://platform.adobe.io/data/foundation/flowservice/flows",
							"protocol": "https",
							"host": [
								"platform",
								"adobe",
								"io"
							],
							"path": [
								"data",
								"foundation",
								"flowservice",
								"flows"
							]
						},
						"description": "https://platform.adobe.io/data/foundation/flowservice/flows"
					},
					"response": []
				},
				{
					"name": "PatchFlow",
					"protocolProfileBehavior": {
						"disabledSystemHeaders": {
							"user-agent": true
						}
					},
					"request": {
						"auth": {
							"type": "bearer",
							"bearer": [
								{
									"key": "token",
									"value": "{{access-token}}",
									"type": "string"
								}
							]
						},
						"method": "PATCH",
						"header": [
							{
								"key": "x-api-key",
								"value": "{{x-api-key}}",
								"type": "text"
							},
							{
								"key": "x-gw-ims-org-id",
								"value": "{{x-gw-ims-org-id}}",
								"type": "text"
							},
							{
								"key": "x-sandbox-name",
								"value": "{{x-sandbox-name}}",
								"type": "text"
							},
							{
								"key": "If-Match",
								"value": "{{flow-etag}}",
								"type": "text"
							}
						],
						"body": {
							"mode": "raw",
							"raw": "[\n    {\n        \"op\": \"add\",\n        \"path\": \"/transformations/0/params/segmentSelectors/selectors/-\",\n        \"value\": {\n            \"type\": \"PLATFORM_SEGMENT\",\n            \"value\": {\n                \"name\": \"{{segment-name}}\",\n                \"description\": \"{{segment-description}}\",\n                \"id\": \"{{segment-id}}\"\n            }\n        }\n    },\n    {\n        \"op\": \"add\",\n        \"path\": \"/transformations/0/params/profileSelectors/selectors/-\",\n        \"value\": {\n            \"type\": \"JSON_PATH\",\n            \"value\": {\n                \"operator\": \"EXISTS\",\n                \"path\": \"{{profile-path}}\"\n            }\n        }\n    }\n]",
							"options": {
								"raw": {
									"language": "json"
								}
							}
						},
						"url": {
							"raw": "https://platform.adobe.io/data/foundation/flowservice/flows/:flowId",
							"protocol": "https",
							"host": [
								"platform",
								"adobe",
								"io"
							],
							"path": [
								"data",
								"foundation",
								"flowservice",
								"flows",
								":flowId"
							],
							"variable": [
								{
									"key": "flowId",
									"value": "{{flow-id}}",
									"description": "Flow id from flow creation step"
								}
							]
						},
						"description": "https://platform.adobe.io/data/foundation/flowservice/flows/eb2d4847-43a7-4d5e-ad48-4743a7ad5e3c"
					},
					"response": []
				}
			],
			"event": [
				{
					"listen": "prerequest",
					"script": {
						"id": "2a95e9e1-c3e4-4fca-925c-901e544b6a4d",
						"type": "text/javascript",
						"exec": [
							""
						]
					}
				},
				{
					"listen": "test",
					"script": {
						"id": "a0856d88-3df4-4f75-b222-08a4424f0320",
						"type": "text/javascript",
						"exec": [
							""
						]
					}
				}
			],
			"protocolProfileBehavior": {}
		}
	],
	"protocolProfileBehavior": {}
}