{
	"id": "c87b7449-9365-4cf5-aff8-7e8d14f4c0c1",
	"name": "KinesisDestination",
	"values": [
		{
			"key": "access-token",
			"value": "",
			"enabled": true
		},
		{
			"key": "x-api-key",
			"value": "",
			"enabled": true
		},
		{
			"key": "x-gw-ims-org-id",
			"value": "",
			"enabled": true
		},
		{
			"key": "x-sandbox-name",
			"value": "",
			"enabled": true
		},
		{
			"key": "access-key-id",
			"value": "",
			"enabled": true
		},
		{
			"key": "secret-key",
			"value": "",
			"enabled": true
		},
		{
			"key": "region",
			"value": "",
			"enabled": true
		},
		{
			"key": "stream",
			"value": "",
			"enabled": true
		},
		{
			"key": "segment-id",
			"value": "",
			"enabled": true
		},
		{
			"key": "segment-name",
			"value": "",
			"enabled": true
		},
		{
			"key": "segment-description",
			"value": "",
			"enabled": true
		},
		{
			"key": "profile-path",
			"value": "",
			"enabled": true
		},
		{
			"key": "source-base-connection-id",
			"value": "",
			"enabled": false
		},
		{
			"key": "source-connection-id",
			"value": "",
			"enabled": false
		},
		{
			"key": "target-base-connection-id",
			"value": "",
			"enabled": false
		},
		{
			"key": "target-connection-id",
			"value": "",
			"enabled": false
		},
		{
			"key": "flow-etag",
			"value": "",
			"enabled": false
		},
		{
			"key": "flow-id",
			"value": "",
			"enabled": false
		}
	],
	"_postman_variable_scope": "environment",
	"_postman_exported_at": "2020-11-13T14:23:48.102Z",
	"_postman_exported_using": "Postman/7.34.0"
}