{
        "identityMap": {
            "email": [
                {
                    "authenticatedState": "ambiguous",
                    "id": "user@example.com",
                    "primary": true
                }
            ]
        },
        "loyalty": {
            "joinDate": "2018-11-12T20:20:39Z",
            "loyaltyID": [
                "loyaltyID1"
            ],
            "points": 1250,
            "lifetimePoints": 122,
            "expiredPoints": 12,
            "returnedPoints": 0,
            "adjustedPoints": 0,
            "promisedPoints": 0,
            "lifetimePurchases": 1234,
            "pointsExpiration": [
                {
                    "pointsExpirationDate": "2018-11-12T20:20:39Z",
                    "pointsExpiring": 200
                }
            ],
            "pointsRedeemed": 500,
            "program": "loyalty program name",
            "status": "active",
            "tier": "gold",
            "upgradeDate": "2017-11-12T20:20:39Z",
            "tierExpiryDate": "2025-12-31T00:00:00Z",
            "cardsDetails": [
                {
                    "series": "AJX1234ZG",
                    "number": "AJSHSL1234",
                    "status": "Active"
                }
            ]
        },
        "personalEmail": { "address": "" },
        "homePhone": { "number": "" },
        "person": {
            "name": {
                "firstName": "",
                "lastName": "",
                "fullName": ""
            },
            "gender": "",
            "birthDate": "2000-01-01"
        },
        "homeAddress": {
            "city": "",
            "state": ""
        }
}